timestamp,tempo_execucao,ear_direito,ear_esquerdo,ear_medio,tempo_olho_fechado
2026-10-07T14:38:11.068340,0.5478761196136475,0.1876274535984611,0.19601448832078128,0.1918209709596212,0
2026-10-07T14:38:11.196544,0.6760797500610352,0.18927137765308563,0.19752940921241033,0.19340039343274798,0
2026-10-07T14:38:11.213498,0.6930332183837891,0.18940992097276638,0.19885745396721682,0.1941336874699916,0
2026-10-07T14:38:11.234778,0.7143111228942871,0.18932207490163894,0.19830980775274454,0.19381594132719174,0
2026-10-07T14:38:11.274900,0.7544364929199219,0.18942840946560793,0.19747166601520016,0.19345003774040403,0
2026-10-07T14:38:11.315070,0.7946069240570068,0.19012665389296943,0.1978290021578513,0.19397782802541036,0
2026-10-07T14:38:11.341119,0.8206543922424316,0.18940529099670417,0.19784263488812234,0.19362396294241324,0
2026-10-07T14:38:11.361250,0.8407926559448242,0.18949598286712743,0.19834746695724717,0.1939217249121873,0
2026-10-07T14:38:11.382127,0.8616712093353271,0.1894540672749973,0.19866771846849762,0.19406089287174746,0
2026-10-07T14:38:11.401670,0.8812034130096436,0.1889049072785089,0.19862364025782842,0.19376427376816865,0
2026-10-07T14:38:11.425441,0.9049739837646484,0.18825973918772715,0.19921918507082606,0.19373946212927662,0
2026-10-07T14:38:11.464259,0.9437932968139648,0.1888374780056505,0.19900183828441562,0.19391965814503306,0
2026-10-07T14:38:11.497106,0.9766409397125244,0.1881826638657413,0.19939420086293572,0.19378843236433851,0
2026-10-07T14:38:11.530974,1.0105085372924805,0.18824132010738828,0.19952051647915406,0.19388091829327117,0
2026-10-07T14:38:11.562914,1.042452096939087,0.1884594138327129,0.1996971498868693,0.1940782818597911,0
2026-10-07T14:38:11.597921,1.077455759048462,0.18881787564269073,0.19908374684856345,0.19395081124562707,0
2026-10-07T14:38:11.633433,1.1129646301269531,0.18890749179238614,0.19935559408958148,0.1941315429409838,0
2026-10-07T14:38:11.658511,1.1380484104156494,0.18896149798077227,0.2000124752131449,0.1944869865969586,0
2026-10-07T14:38:11.689312,1.1688446998596191,0.18916606276145598,0.1993280787165042,0.1942470707389801,0
2026-10-07T14:38:11.722180,1.2017128467559814,0.18917075302609052,0.19983337526750047,0.1945020641467955,0
2026-10-07T14:38:11.753912,1.2334442138671875,0.18862078257507825,0.20012795141639225,0.19437436699573524,0
2026-10-07T14:38:11.786629,1.266162395477295,0.18758428124479104,0.1998198174784586,0.19370204936162483,0
2026-10-07T14:38:11.833004,1.3125431537628174,0.18873590258752487,0.2005430881003214,0.19463949534392314,0
2026-10-07T14:38:11.869808,1.3493425846099854,0.18868275770271012,0.20001715683370938,0.19434995726820975,0
2026-10-07T14:38:11.904043,1.3835787773132324,0.18809197193817107,0.20019983407948003,0.19414590300882556,0
2026-10-07T14:38:11.932282,1.4118170738220215,0.18940025232727103,0.20120881809580204,0.19530453521153654,0
2026-10-07T14:38:11.963713,1.4432485103607178,0.19001102744747675,0.2009591056541258,0.19548506655080128,0
2026-10-07T14:38:11.995216,1.4747512340545654,0.1902585729941985,0.20188389945496993,0.19607123622458422,0
2026-10-07T14:38:12.026413,1.5059478282928467,0.18964938450158134,0.2011651822721507,0.19540728338686603,0
2026-10-07T14:38:12.058220,1.5377528667449951,0.18947357334548867,0.20094778620689469,0.19521067977619166,0
2026-10-07T14:38:12.091337,1.5708703994750977,0.18976531664288723,0.2014418982898724,0.19560360746637984,0
2026-10-07T14:38:12.122162,1.6016952991485596,0.18881957208249514,0.20080465057295385,0.1948121113277245,0
2026-10-07T14:38:12.147042,1.6265802383422852,0.18881957208249514,0.20080465057295385,0.1948121113277245,0
2026-10-07T14:38:12.198912,1.678445816040039,0.18943452163979566,0.20076857801707396,0.1951015498284348,0
2026-10-07T14:38:12.231606,1.7111384868621826,0.19018768851247927,0.20054359454223333,0.1953656415273563,0
2026-10-07T14:38:12.269856,1.7493903636932373,0.19023815631087984,0.19987646082677393,0.1950573085688269,0
2026-10-07T14:38:12.297741,1.7772736549377441,0.19000696725272315,0.2004484383721226,0.19522770281242285,0
2026-10-07T14:38:12.327517,1.80704927444458,0.19010504757209057,0.20028962943669776,0.19519733850439416,0
2026-10-07T14:38:12.360070,1.8396024703979492,0.18931000419362773,0.1996020684345835,0.19445603631410563,0
2026-10-07T14:38:12.400766,1.8802990913391113,0.18931000419362773,0.1996020684345835,0.19445603631410563,0
2026-10-07T14:38:12.420221,1.8997523784637451,0.1898307383105566,0.19989825449061702,0.1948644964005868,0
2026-10-07T14:38:12.439195,1.9187321662902832,0.18916677240857993,0.19936265234516024,0.1942647123768701,0
2026-10-07T14:38:12.473022,1.952556848526001,0.18946989794351698,0.1988074241813524,0.1941386610624347,0
2026-10-07T14:38:12.507927,1.9874608516693115,0.18953441209561891,0.19971695566898665,0.19462568388230278,0
2026-10-07T14:38:12.537400,2.016934394836426,0.19045950752027857,0.2003400557822462,0.19539978165126237,0
2026-10-07T14:38:12.599915,2.079448938369751,0.19061085302764508,0.1998073892457608,0.19520912113670294,0
2026-10-07T14:38:12.619657,2.099191665649414,0.19061085302764508,0.1998073892457608,0.19520912113670294,0
2026-10-07T14:38:12.638182,2.1177220344543457,0.19079603472950363,0.19980242978167295,0.1952992322555883,0
2026-10-07T14:38:12.677542,2.157073974609375,0.19237353649752906,0.1992116325682375,0.19579258453288328,0
2026-10-07T14:38:12.712961,2.1924936771392822,0.19142370416849505,0.19828538581921412,0.19485454499385457,0
2026-10-07T14:38:12.746677,2.22621750831604,0.1920958211459594,0.1991655894771056,0.1956307053115325,0
2026-10-07T14:38:12.782699,2.262232780456543,0.19238610576505977,0.19921650087183804,0.19580130331844892,0
2026-10-07T14:38:12.817710,2.2972426414489746,0.19279386558596184,0.19966008242853014,0.19622697400724598,0
2026-10-07T14:38:12.838625,2.318161725997925,0.19271066878382642,0.19960405505032022,0.19615736191707334,0
2026-10-07T14:38:12.872871,2.3524041175842285,0.19245228489057803,0.19927233791324217,0.1958623114019101,0
2026-10-07T14:38:12.902946,2.3824784755706787,0.19189227975814063,0.19899321871492506,0.19544274923653285,0
2026-10-07T14:38:12.938168,2.417703866958618,0.19242536636995572,0.1991806723877939,0.19580301937887482,0
2026-10-07T14:38:12.971357,2.450890064239502,0.19279497880375293,0.1994899505706216,0.19614246468718727,0
2026-10-07T14:38:13.013900,2.4934327602386475,0.1927868195453923,0.19941476906298006,0.1961007943041862,0
2026-10-07T14:38:13.046953,2.5264854431152344,0.19208808369576605,0.199458644989038,0.19577336434240203,0
2026-10-07T14:38:13.081831,2.561365842819214,0.19271346715194812,0.19964444602641396,0.19617895658918105,0
2026-10-07T14:38:13.116821,2.596358060836792,0.19354875956189826,0.20101698193428805,0.19728287074809314,0
2026-10-07T14:38:13.147197,2.6267294883728027,0.18961215747693907,0.1991251109447089,0.19436863421082398,0
2026-10-07T14:38:13.175173,2.654705047607422,0.18869275393276871,0.19990547963924324,0.19429911678600598,0
2026-10-07T14:38:13.210300,2.6898341178894043,0.188889983267524,0.1993978054926176,0.1941438943800708,0
2026-10-07T14:38:13.241160,2.7207086086273193,0.19034633414632693,0.20095162782533454,0.19564898098583072,0
2026-10-07T14:38:13.273333,2.752866744995117,0.1887147920453917,0.20053705602088717,0.19462592403313944,0
2026-10-07T14:38:13.305294,2.784827947616577,0.1883189602416324,0.19996985634108147,0.19414440829135693,0
2026-10-07T14:38:13.339489,2.8190224170684814,0.18815876288169311,0.1998638977408411,0.1940113303112671,0
2026-10-07T14:38:13.384722,2.8642544746398926,0.18842186311535708,0.20028820518440546,0.19435503414988126,0
2026-10-07T14:38:13.415416,2.8949618339538574,0.18839787328413887,0.19988085139835282,0.19413936234124585,0
2026-10-07T14:38:13.449901,2.929433584213257,0.18862967861843072,0.20059740887029817,0.19461354374436446,0
2026-10-07T14:38:13.479674,2.9592103958129883,0.18862857070646205,0.20056131317885434,0.1945949419426582,0
2026-10-07T14:38:13.511255,2.9907896518707275,0.18945831961151766,0.2007337282178604,0.19509602391468903,0
2026-10-07T14:38:13.546578,3.0261125564575195,0.18879654935666235,0.2002329524142192,0.1945147508854408,0
2026-10-07T14:38:13.576922,3.0564541816711426,0.18835055004039722,0.19997240493924848,0.19416147748982285,0
2026-10-07T14:38:13.610151,3.0896828174591064,0.1882916257101984,0.19958066508444924,0.19393614539732382,0
2026-10-07T14:38:13.639403,3.1189353466033936,0.1877221489145444,0.1999106208164121,0.19381638486547825,0
2026-10-07T14:38:13.672670,3.1522040367126465,0.18789347036875317,0.19954866637704569,0.19372106837289943,0
2026-10-07T14:38:13.706679,3.1862118244171143,0.18858477245159902,0.19951077550447247,0.19404777397803574,0
2026-10-07T14:38:13.752157,3.231693983078003,0.18468626111289949,0.19788800464744433,0.1912871328801719,0
2026-10-07T14:38:13.784656,3.264188289642334,0.18259031521760433,0.1883470014318329,0.1854686583247186,2.384185791015625e-07
2026-10-07T14:38:13.833510,3.313042640686035,0.18245472791134273,0.1904256045518753,0.18644016623160903,0.048853397369384766
2026-10-07T14:38:13.851100,3.3306312561035156,0.18311347123601227,0.19068022043749167,0.18689684583675198,0.06644415855407715
2026-10-07T14:38:13.879433,3.3589656352996826,0.18235203248811957,0.18837005925254563,0.18536104587033259,0.09477686882019043
2026-10-07T14:38:13.920239,3.399770498275757,0.178893692429544,0.19199696951477666,0.18544533097216032,0.13558316230773926
2026-10-07T14:38:13.958285,3.4378175735473633,0.1824195582577053,0.19509430443300615,0.18875693134535573,0.1736297607421875
2026-10-07T14:38:13.977538,3.4570729732513428,0.18362746382336373,0.19698493658641578,0.19030620020488975,0
2026-10-07T14:38:14.010313,3.4898455142974854,0.1858264704478823,0.19838885488903754,0.1921076626684599,0
2026-10-07T14:38:14.049288,3.528820753097534,0.18537496800795103,0.19852895742124943,0.19195196271460024,0
2026-10-07T14:38:14.087318,3.5668509006500244,0.1855971054567001,0.19833444983438997,0.19196577764554504,0
2026-10-07T14:38:14.130427,3.609959125518799,0.18632859389040102,0.19841283354036185,0.19237071371538145,0
2026-10-07T14:38:14.153960,3.6334927082061768,0.18627034295585954,0.19792290070772955,0.19209662183179455,0
2026-10-07T14:38:14.184899,3.664433002471924,0.18668351957711124,0.19981732879396982,0.19325042418554053,0
2026-10-07T14:38:14.233247,3.712782621383667,0.18706815949583175,0.19976985663481822,0.19341900806532497,0
2026-10-07T14:38:14.264426,3.743959665298462,0.186810563935697,0.19993110908682366,0.19337083651126033,0
2026-10-07T14:38:14.298231,3.7777650356292725,0.18671760671972573,0.20058946571499225,0.19365353621735898,0
2026-10-07T14:38:14.329507,3.8090410232543945,0.1867434924773922,0.2002426276051587,0.19349306004127545,0
2026-10-07T14:38:14.352471,3.8320083618164062,0.1867434924773922,0.2002426276051587,0.19349306004127545,0
2026-10-07T14:38:14.375498,3.8550310134887695,0.18699201735284474,0.20227789520438572,0.1946349562786152,0
2026-10-07T14:38:14.408334,3.8878707885742188,0.1873247081934999,0.20127928730194866,0.19430199774772428,0
2026-10-07T14:38:14.442752,3.922285795211792,0.18728291817167436,0.2011386439277325,0.19421078104970343,0
2026-10-07T14:38:14.473288,3.952824592590332,0.1875110944930656,0.20146446198605758,0.1944877782395616,0
2026-10-07T14:38:14.520570,4.000102281570435,0.18790980072074487,0.20153704624899887,0.19472342348487187,0
2026-10-07T14:38:14.553495,4.03302788734436,0.18772300016608146,0.20159972492982264,0.19466136254795205,0
2026-10-07T14:38:14.598209,4.077741384506226,0.18736922559484068,0.20080141225725423,0.19408531892604747,0
2026-10-07T14:38:14.623045,4.102577447891235,0.18803000998656524,0.20108722751764396,0.19455861875210462,0
2026-10-07T14:38:14.664414,4.143951654434204,0.1878244628663208,0.20131529291409386,0.19456987789020733,0
2026-10-07T14:38:14.694182,4.173714876174927,0.1877111677651531,0.20119880373701382,0.19445498575108344,0
2026-10-07T14:38:14.729407,4.208946228027344,0.18759379778276394,0.20058099821396466,0.1940873979983643,0
2026-10-07T14:38:14.776908,4.256440877914429,0.1876078288873519,0.20076590038431727,0.19418686463583457,0
2026-10-07T14:38:14.810484,4.290029525756836,0.1876078288873519,0.20076590038431727,0.19418686463583457,0
2026-10-07T14:38:14.831076,4.310610294342041,0.1875484180456021,0.20097692710413576,0.19426267257486893,0
2026-10-07T14:38:14.859301,4.338836193084717,0.18705573057211813,0.20050751853758564,0.19378162455485187,0
2026-10-07T14:38:14.884823,4.364359140396118,0.18744115804329517,0.20042702730433287,0.193934092673814,0
2026-10-07T14:38:14.902995,4.382528305053711,0.1880852311267565,0.20137539260341775,0.19473031186508713,0
2026-10-07T14:38:14.936330,4.415862798690796,0.18805031683095408,0.20155709522800247,0.19480370602947827,0
2026-10-07T14:38:14.968670,4.448206663131714,0.18888498831241474,0.2012325880161712,0.19505878816429295,0
2026-10-07T14:38:15.018115,4.497649431228638,0.18841706927264595,0.2007349900677384,0.19457602967019216,0
2026-10-07T14:38:15.050571,4.530108690261841,0.18806473042081473,0.20100674011544292,0.19453573526812884,0
2026-10-07T14:38:15.084151,4.563689231872559,0.18878337140283244,0.2015350593757672,0.1951592153892998,0
2026-10-07T14:38:15.115715,4.595249176025391,0.18912179542603771,0.20104209647913265,0.19508194595258518,0
2026-10-07T14:38:15.153595,4.633132696151733,0.19006650041429052,0.2016885053418411,0.19587750287806582,0
2026-10-07T14:38:15.178586,4.658119440078735,0.18965548719477035,0.20083488866892982,0.19524518793185008,0
2026-10-07T14:38:15.211086,4.690619707107544,0.18863700656677895,0.20072700750823008,0.19468200703750452,0
2026-10-07T14:38:15.241482,4.721014976501465,0.18886468158671016,0.20093535076065303,0.19490001617368158,0
2026-10-07T14:38:15.278046,4.757578134536743,0.18816504348603857,0.20092939496437048,0.19454721922520452,0
2026-10-07T14:38:15.307259,4.7867913246154785,0.1898722014582418,0.2016616884218653,0.19576694494005353,0
2026-10-07T14:38:15.345625,4.825159549713135,0.18923655783605475,0.2014886987915591,0.1953626283138069,0
2026-10-07T14:38:15.386125,4.86565899848938,0.1887165693881777,0.20131237455438197,0.19501447197127986,0
2026-10-07T14:38:15.418219,4.897753477096558,0.1878642077352974,0.20189094885370376,0.1948775782945006,0
2026-10-07T14:38:15.449680,4.929214239120483,0.18816225309722853,0.202047746909527,0.19510500000337777,0
2026-10-07T14:38:15.481188,4.960722923278809,0.18741404050916333,0.20217610259122998,0.19479507155019665,0
2026-10-07T14:38:15.522107,5.001645803451538,0.18757427060090637,0.20182003963272158,0.19469715511681396,0
2026-10-07T14:38:15.567734,5.047270774841309,0.1879504391028528,0.20174805893855224,0.19484924902070253,0
2026-10-07T14:38:15.593679,5.073213577270508,0.18774505510085882,0.20236265647341653,0.1950538557871377,0
2026-10-07T14:38:15.615408,5.094942331314087,0.18700246217120303,0.20203254368252674,0.19451750292686487,0
2026-10-07T14:38:15.641811,5.121345043182373,0.1828836381300291,0.19879460021389425,0.19083911917196167,0
2026-10-07T14:38:15.673696,5.153229713439941,0.18502565782691688,0.19329707177046837,0.1891613647986926,2.384185791015625e-07
2026-10-07T14:38:15.707348,5.186879873275757,0.1846819207472444,0.19453592807400472,0.18960892441062455,0.03365182876586914
2026-10-07T14:38:15.752612,5.232144594192505,0.18526517370304724,0.1930475503777097,0.18915636204037847,0.07891631126403809
2026-10-07T14:38:15.783000,5.262531518936157,0.18342544326695953,0.1894668889977668,0.18644616613236317,0.10930442810058594
2026-10-07T14:38:15.817116,5.296647310256958,0.1812987643934948,0.19260554648581266,0.1869521554396537,0.14342021942138672
2026-10-07T14:38:15.847400,5.326931715011597,0.1847600328377404,0.19706704377986342,0.19091353830880192,0
2026-10-07T14:38:15.880430,5.35996675491333,0.18669530865681352,0.1985678882998779,0.1926315984783457,0
2026-10-07T14:38:15.910371,5.389902830123901,0.1867186418961142,0.20000666829233407,0.19336265509422412,0
2026-10-07T14:38:15.949901,5.4294397830963135,0.1869253275726651,0.20059392405460827,0.1937596258136367,0
2026-10-07T14:38:15.977670,5.457202911376953,0.18641635065602252,0.20103954042258784,0.19372794553930517,0
2026-10-07T14:38:16.006814,5.486346960067749,0.18662170197015268,0.20063534452629048,0.19362852324822158,0
2026-10-07T14:38:16.040627,5.520159959793091,0.1867492122053622,0.20070599223237737,0.19372760221886978,0
2026-10-07T14:38:16.084983,5.5645153522491455,0.18761697105104852,0.20124836719199315,0.19443266912152085,0
2026-10-07T14:38:16.118120,5.597653388977051,0.18830631347373294,0.20122364211636964,0.1947649777950513,0
2026-10-07T14:38:16.152115,5.631647348403931,0.18683265599607807,0.20138885657519817,0.19411075628563812,0
2026-10-07T14:38:16.186374,5.665907382965088,0.18733022548188474,0.2007530094439633,0.19404161746292403,0
2026-10-07T14:38:16.221769,5.701306343078613,0.18785052971523203,0.20153114384270754,0.19469083677896978,0
2026-10-07T14:38:16.246762,5.726294040679932,0.1886500703786464,0.20161249431935963,0.195131282349003,0
2026-10-07T14:38:16.278968,5.758500576019287,0.18849606743918113,0.20138094735317402,0.19493850739617757,0
2026-10-07T14:38:16.309239,5.788771867752075,0.18838642642804393,0.2016064903792971,0.19499645840367053,0
2026-10-07T14:38:16.346050,5.825582265853882,0.18863329620908095,0.20135532339171572,0.19499430980039834,0
2026-10-07T14:38:16.377325,5.856857776641846,0.18897415540695345,0.20165471797074844,0.19531443668885096,0
2026-10-07T14:38:16.408314,5.887847661972046,0.18783731848718133,0.20150586270529602,0.19467159059623868,0
2026-10-07T14:38:16.456471,5.9360032081604,0.1882246627980782,0.2015932188178395,0.19490894080795884,0
2026-10-07T14:38:16.487466,5.966998815536499,0.18803242851931357,0.20150694818316814,0.19476968835124087,0
2026-10-07T14:38:16.519486,5.999019145965576,0.18779256935652996,0.2011415002788825,0.19446703481770622,0
2026-10-07T14:38:16.556908,6.036441802978516,0.18810543673735045,0.20142070327968037,0.1947630700085154,0
2026-10-07T14:38:16.587413,6.066946983337402,0.18782768041187753,0.2008331057348128,0.19433039307334515,0
2026-10-07T14:38:16.619732,6.099266290664673,0.18406411768588354,0.1977887378005155,0.1909264277431995,0
2026-10-07T14:38:16.650945,6.130479097366333,0.18459887439327713,0.19377425914889004,0.1891865667710836,2.384185791015625e-07
2026-10-07T14:38:16.681995,6.1615283489227295,0.18518448701628856,0.19276331363154314,0.18897390032391587,0.031050920486450195
2026-10-07T14:38:16.711946,6.191478252410889,0.18538225543088938,0.1924645509850178,0.1889234032079536,0.06100273132324219
2026-10-07T14:38:16.757912,6.237444162368774,0.18533813495845125,0.19380235300600598,0.1895702439822286,0.10696935653686523
2026-10-07T14:38:16.776129,6.255661964416504,0.1862859376778057,0.19412446666711283,0.1902052021724593,0
2026-10-07T14:38:16.825436,6.304968357086182,0.18642277973001728,0.19447725836406632,0.19045001904704179,0
2026-10-07T14:38:16.854075,6.333606719970703,0.18617699094725004,0.1947743024934549,0.19047564672035247,0
2026-10-07T14:38:16.888226,6.367757797241211,0.18584343332208025,0.1939774781408882,0.18991045573148424,4.76837158203125e-07
2026-10-07T14:38:16.920456,6.399994134902954,0.18589478075674065,0.19488292914707786,0.19038885495190927,0
2026-10-07T14:38:16.952112,6.431643724441528,0.18601488961647278,0.193962390704422,0.1899886401604474,0.0
2026-10-07T14:38:16.985392,6.464925050735474,0.18599899188903815,0.1939236339490136,0.18996131291902588,0.0332789421081543
2026-10-07T14:38:17.016254,6.495787143707275,0.1856765431180121,0.19385600795445707,0.1897662755362346,0.06414175033569336
2026-10-07T14:38:17.051368,6.5309014320373535,0.1857470736894353,0.193758083271485,0.18975257848046015,0.09925532341003418
2026-10-07T14:38:17.080363,6.559898138046265,0.18554495717768169,0.19366985515917998,0.18960740616843083,0.1282498836517334
2026-10-07T14:38:17.113942,6.593475818634033,0.18566916408029585,0.19364003802160598,0.18965460105095092,0.16182994842529297
2026-10-07T14:38:17.157721,6.637253046035767,0.18602563450138693,0.19344800551387104,0.18973682000762898,0.20560932159423828
2026-10-07T14:38:17.191559,6.671103239059448,0.18585032550864966,0.19390732312875247,0.18987882431870107,0.23944687843322754
2026-10-07T14:38:17.222807,6.702343463897705,0.18616710275080478,0.19446230998804434,0.19031470636942455,0
2026-10-07T14:38:17.257329,6.736860752105713,0.18570791339082596,0.1936955511748895,0.18970173228285775,0.0
2026-10-07T14:38:17.286146,6.7656776905059814,0.18585480753716854,0.19324899138114532,0.18955189945915693,0.028816938400268555
2026-10-07T14:38:17.321290,6.800821542739868,0.1866917771776824,0.19326687454303848,0.18997932586036043,0.06396031379699707
2026-10-07T14:38:17.360510,6.840043067932129,0.1862362971987419,0.19267637403784263,0.18945633561829228,0.1031808853149414
2026-10-07T14:38:17.382138,6.8616721630096436,0.186303239803571,0.19330121747987078,0.1898022286417209,0.12480878829956055
2026-10-07T14:38:17.414267,6.893798589706421,0.18564350350456618,0.19240602613435892,0.18902476481946257,0.15693879127502441
2026-10-07T14:38:17.448297,6.927829265594482,0.1858989635240109,0.19284423837409384,0.18937160094905237,0.19096779823303223
2026-10-07T14:38:17.479598,6.9591333866119385,0.18605064062684168,0.1934087617598797,0.1897297011933607,0.22226834297180176
2026-10-07T14:38:17.526145,7.005676746368408,0.18594864648177004,0.19300009462820458,0.1894743705549873,0.2688164710998535
2026-10-07T14:38:17.562308,7.0418407917022705,0.18634957223325696,0.19284037965842665,0.1895949759458418,0.3049790859222412
2026-10-07T14:38:17.593084,7.072617292404175,0.18611149504089566,0.19339241060190604,0.18975195282140084,0.3357548713684082
2026-10-07T14:38:17.626316,7.1058502197265625,0.1870736509864727,0.19345576619250338,0.19026470858948802,0
2026-10-07T14:38:17.666457,7.145991325378418,0.18606420698719323,0.19419658982407004,0.19013039840563162,0
2026-10-07T14:38:17.694026,7.173558473587036,0.18640652195274082,0.19260435652159577,0.18950543923716828,2.384185791015625e-07
2026-10-07T14:38:17.719976,7.19950795173645,0.18571813935766182,0.1933304494914826,0.1895242944245722,0.02595067024230957
2026-10-07T14:38:17.751715,7.231246709823608,0.1861274327798509,0.19364134273469413,0.1898843877572725,0.057689666748046875
2026-10-07T14:38:17.784244,7.263776063919067,0.18608176990653943,0.19298839994485065,0.18953508492569504,0.09021925926208496
2026-10-07T14:38:17.817040,7.29657244682312,0.18641682296105982,0.19359939388701983,0.1900081084240398,0
2026-10-07T14:38:17.852133,7.331664800643921,0.18625538060556435,0.19227790053464586,0.18926664057010512,0.0
2026-10-07T14:38:17.897038,7.376569509506226,0.18500786808690237,0.19020317380982016,0.18760552094836125,0.04490470886230469
2026-10-07T14:38:17.927867,7.4073991775512695,0.18372365535373927,0.18881967609205327,0.18627166572289627,0.07573437690734863
2026-10-07T14:38:17.964818,7.444350242614746,0.1823166259407886,0.1911605970168597,0.18673861147882415,0.1126852035522461
2026-10-07T14:38:17.990862,7.470393657684326,0.1837189865950333,0.19374720969199255,0.1887330981435129,0.13872885704040527
2026-10-07T14:38:18.022134,7.501667261123657,0.1848207586700372,0.1953179034286196,0.19006933104932838,0
2026-10-07T14:38:18.055406,7.534943103790283,0.18490577932181207,0.19718867319674582,0.19104722625927895,0
2026-10-07T14:38:18.088953,7.568485498428345,0.1878082594664892,0.19884547301530492,0.19332686624089707,0
2026-10-07T14:38:18.120869,7.600412368774414,0.18729495794806844,0.19871482394482765,0.19300489094644804,0
2026-10-07T14:38:18.158721,7.638253688812256,0.18703319672881583,0.19919908776130252,0.19311614224505919,0
2026-10-07T14:38:18.184401,7.663935899734497,0.18781885083818,0.1996153299756217,0.19371709040690085,0
2026-10-07T14:38:18.229290,7.708826780319214,0.18814047156004038,0.1993124871076846,0.1937264793338625,0
2026-10-07T14:38:18.262812,7.742349863052368,0.18752986608106667,0.1991724996590525,0.1933511828700596,0
2026-10-07T14:38:18.297277,7.776809930801392,0.18843057014148556,0.19942734967338258,0.19392895990743408,0
2026-10-07T14:38:18.329214,7.808750629425049,0.18818979601192304,0.199263353722325,0.19372657486712402,0
2026-10-07T14:38:18.367019,7.846552848815918,0.18863868990407326,0.19991075566241032,0.1942747227832418,0
2026-10-07T14:38:18.393569,7.873104572296143,0.18843393985318757,0.19908433599867412,0.19375913792593086,0
2026-10-07T14:38:18.425751,7.905285120010376,0.18803513266619007,0.19963840422066478,0.19383676844342743,0
2026-10-07T14:38:18.457121,7.936655044555664,0.18774027644169655,0.19944132343701754,0.19359079993935704,0
2026-10-07T14:38:18.489941,7.969475269317627,0.18778927947803295,0.19913483344139377,0.19346205645971337,0
2026-10-07T14:38:18.524320,8.003854513168335,0.18831589707807975,0.19798498418691568,0.1931504406324977,0
2026-10-07T14:38:18.560238,8.03977108001709,0.18831589707807975,0.19798498418691568,0.1931504406324977,0
2026-10-07T14:38:18.600541,8.080074071884155,0.18956307862951244,0.19854816345880377,0.1940556210441581,0
2026-10-07T14:38:18.631739,8.111270904541016,0.18870711823439446,0.19797899876823477,0.1933430585013146,0
2026-10-07T14:38:18.664884,8.144418001174927,0.18914036519762864,0.19847977279876294,0.1938100689981958,0
2026-10-07T14:38:18.694975,8.17450737953186,0.19004612246078736,0.19854771489321765,0.1942969186770025,0
2026-10-07T14:38:18.727768,8.207300424575806,0.1897783400604238,0.198669804855724,0.19422407245807388,0
2026-10-07T14:38:18.763101,8.242637395858765,0.18974489169094214,0.19870794873262237,0.19422642021178227,0
2026-10-07T14:38:18.797140,8.276676893234253,0.19010824690226097,0.19928488106740858,0.19469656398483476,0
2026-10-07T14:38:18.825716,8.305248498916626,0.19097034731697257,0.19912072600730343,0.195045536662138,0
2026-10-07T14:38:18.856155,8.335687637329102,0.19035895155678179,0.19818248000573396,0.19427071578125787,0
2026-10-07T14:38:18.887814,8.367346286773682,0.19043765456392317,0.1979677982989999,0.19420272643146153,0
2026-10-07T14:38:18.932551,8.41208291053772,0.19043765456392317,0.1979677982989999,0.19420272643146153,0
2026-10-07T14:38:18.951059,8.430591821670532,0.19146232681142322,0.1986504911685019,0.19505640898996257,0
2026-10-07T14:38:18.998186,8.477719068527222,0.19047495622153474,0.19837751152234098,0.19442623387193786,0
2026-10-07T14:38:19.029873,8.509405851364136,0.19050496971237416,0.19860755753735182,0.194556263624863,0
2026-10-07T14:38:19.069025,8.548557758331299,0.19076757486966608,0.19910286248222964,0.19493521867594787,0
2026-10-07T14:38:19.094123,8.573655605316162,0.19014633357314278,0.19860877958989775,0.19437755658152028,0
2026-10-07T14:38:19.126698,8.60623025894165,0.18962076556663374,0.19935937457529707,0.19449007007096542,0
2026-10-07T14:38:19.158214,8.637747764587402,0.18968184918648243,0.19921284624170496,0.1944473477140937,0
2026-10-07T14:38:19.196099,8.675634860992432,0.18919236030401868,0.19998305379285058,0.19458770704843464,0
2026-10-07T14:38:19.225706,8.705245971679688,0.1891623047470462,0.1998348593712363,0.19449858205914125,0
2026-10-07T14:38:19.256234,8.735767126083374,0.18947590398174727,0.19981659873984184,0.19464625136079455,0
2026-10-07T14:38:19.272304,8.751841068267822,0.18947590398174727,0.19981659873984184,0.19464625136079455,0
2026-10-07T14:38:19.302384,8.781917095184326,0.18886304867066192,0.19969481944310039,0.19427893405688115,0
2026-10-07T14:38:19.334263,8.813795566558838,0.1894343714483149,0.19975932092570292,0.1945968461870089,0
2026-10-07T14:38:19.412267,8.891798973083496,0.18900471843897648,0.19989584314557504,0.19445028079227578,0
2026-10-07T14:38:19.434084,8.913617372512817,0.18908117411269681,0.19956266661055203,0.19432192036162443,0
2026-10-07T14:38:19.466243,8.94577670097351,0.18993017535332796,0.2000264097226457,0.19497829253798682,0
2026-10-07T14:38:19.499166,8.978700160980225,0.18950500986713234,0.20105272689190123,0.1952788683795168,0
2026-10-07T14:38:19.540688,9.020221710205078,0.18963631871820916,0.19997139932632238,0.19480385902226577,0
2026-10-07T14:38:19.564166,9.043700695037842,0.18979129280475915,0.20048613969000537,0.19513871624738227,0
2026-10-07T14:38:19.594950,9.074483633041382,0.18877657023415526,0.20027666170305536,0.19452661596860532,0
2026-10-07T14:38:19.619760,9.099294900894165,0.18877657023415526,0.20027666170305536,0.19452661596860532,0
2026-10-07T14:38:19.643420,9.12295413017273,0.18878853845589919,0.20004907744616177,0.19441880795103048,0
2026-10-07T14:38:19.673360,9.152891874313354,0.18951559349537786,0.19904470944367778,0.19428015146952782,0
2026-10-07T14:38:19.703881,9.1834135055542,0.18914640418444031,0.19893704729193684,0.19404172573818856,0
2026-10-07T14:38:19.735897,9.215433359146118,0.1902689455493015,0.19953635312930942,0.19490264933930546,0
2026-10-07T14:38:19.798442,9.277974605560303,0.18977590107391,0.1999800931009222,0.1948779970874161,0
2026-10-07T14:38:19.833332,9.312864542007446,0.19057405553155396,0.1999594981427105,0.19526677683713223,0
2026-10-07T14:38:19.863252,9.34278917312622,0.18993897432062756,0.19955559741132337,0.19474728586597545,0
2026-10-07T14:38:19.900700,9.38024616241455,0.1896337807733793,0.19965961663642304,0.19464669870490117,0
2026-10-07T14:38:19.927772,9.40730619430542,0.19023666248534177,0.1994174462994258,0.1948270543923838,0
2026-10-07T14:38:19.959924,9.439460039138794,0.1897944349490387,0.19888554750995813,0.1943399912294984,0
2026-10-07T14:38:19.992947,9.47249984741211,0.1897944349490387,0.19888554750995813,0.1943399912294984,0
2026-10-07T14:38:20.007633,9.487169742584229,0.1892987257577092,0.19935011000094416,0.1943244178793267,0
2026-10-07T14:38:20.043121,9.522653341293335,0.18947083478385218,0.1999554461364128,0.1947131404601325,0
2026-10-07T14:38:20.072149,9.551681756973267,0.19031843203564364,0.20087034234210902,0.19559438718887634,0
2026-10-07T14:38:20.114939,9.594485759735107,0.1899330197811101,0.20020480833798224,0.19506891405954618,0
2026-10-07T14:38:20.139756,9.619292974472046,0.1898739357192802,0.19987431170477898,0.1948741237120296,0
2026-10-07T14:38:20.198185,9.677716970443726,0.19049514054449038,0.20044580724280212,0.19547047389364625,0
2026-10-07T14:38:20.229803,9.709335327148438,0.1900174687168308,0.19980259237382647,0.19491003054532863,0
2026-10-07T14:38:20.266021,9.745567560195923,0.19016294324405386,0.20023514510050106,0.19519904417227746,0
2026-10-07T14:38:20.303974,9.78351092338562,0.19003950099890615,0.1999873725308202,0.19501343676486316,0
2026-10-07T14:38:20.326738,9.806270122528076,0.19010874091333413,0.19962479718684742,0.19486676905009076,0
2026-10-07T14:38:20.342225,9.821757316589355,0.19010874091333413,0.19962479718684742,0.19486676905009076,0
2026-10-07T14:38:20.376972,9.856504917144775,0.1895407669491365,0.1997315639238512,0.19463616543649384,0
2026-10-07T14:38:20.417348,9.896881103515625,0.18994327389298213,0.19971593077740596,0.19482960233519403,0
2026-10-07T14:38:20.437738,9.917274236679077,0.19186435538670618,0.2006038892976443,0.19623412234217524,0
2026-10-07T14:38:20.472611,9.952144861221313,0.19033715132174775,0.19933630079730227,0.194836726059525,0
2026-10-07T14:38:20.504358,9.983890771865845,0.18892621106552435,0.1980866557700887,0.19350643341780652,0
2026-10-07T14:38:20.534941,10.014472484588623,0.18560110391163812,0.19205405387789043,0.18882757889476426,2.384185791015625e-07
2026-10-07T14:38:20.608226,10.08775782585144,0.18553812252318164,0.1913875871758209,0.18846285484950126,0.07328581809997559
2026-10-07T14:38:20.632727,10.11225938796997,0.1842413559137096,0.18997091317994094,0.1871061345468253,0.09778165817260742
2026-10-07T14:38:20.667005,10.146541118621826,0.1824802576635906,0.19125362618002603,0.1868669419218083,0.1320641040802002
2026-10-07T14:38:20.687117,10.16664981842041,0.1824802576635906,0.19125362618002603,0.1868669419218083,0.1521761417388916
2026-10-07T14:38:20.711528,10.191061735153198,0.18482237000072535,0.19363105907662115,0.18922671453867324,0.17658686637878418
2026-10-07T14:38:20.744187,10.223721265792847,0.18732631870216657,0.196505974848195,0.19191614677518076,0
2026-10-07T14:38:20.778997,10.258530855178833,0.18803655515668702,0.19803667158564353,0.1930366133711653,0
2026-10-07T14:38:20.808764,10.288299322128296,0.1899470541108132,0.1987999021183991,0.19437347811460615,0
2026-10-07T14:38:20.845878,10.325410842895508,0.1892647306686421,0.1988278500701081,0.1940462903693751,0
2026-10-07T14:38:20.872480,10.352013349533081,0.18941774721682966,0.198826008254172,0.19412187773550083,0
2026-10-07T14:38:20.907329,10.386863946914673,0.18898832555158052,0.19901861630669976,0.19400347092914014,0
2026-10-07T14:38:20.935297,10.414838552474976,0.18943614893265695,0.1987360583172209,0.19408610362493894,0
2026-10-07T14:38:20.998268,10.477800846099854,0.1885850830681748,0.19912718826073406,0.19385613566445442,0
2026-10-07T14:38:21.031195,10.510727405548096,0.189182834014013,0.19887829068466698,0.19403056234934,0
2026-10-07T14:38:21.061214,10.540746688842773,0.189182834014013,0.19887829068466698,0.19403056234934,0
2026-10-07T14:38:21.080134,10.55967092514038,0.18967942287245695,0.19934564164835591,0.19451253226040643,0
2026-10-07T14:38:21.113467,10.592999935150146,0.18968989650735305,0.19915654921008966,0.19442322285872135,0
2026-10-07T14:38:21.142815,10.62234878540039,0.18927852436834505,0.19931988407160994,0.19429920421997748,0
2026-10-07T14:38:21.178821,10.658353328704834,0.18971966559979342,0.19986207713777276,0.1947908713687831,0
2026-10-07T14:38:21.208409,10.687941789627075,0.18977597846406838,0.19952504369792157,0.19465051108099496,0
2026-10-07T14:38:21.239813,10.719358682632446,0.19116548997568464,0.2004063795402268,0.19578593475795572,0
2026-10-07T14:38:21.272506,10.752133131027222,0.19031383184328657,0.19953015913875405,0.1949219954910203,0
2026-10-07T14:38:21.304880,10.784412860870361,0.18987747750137077,0.19969976925006067,0.19478862337571573,0
2026-10-07T14:38:21.337784,10.8173189163208,0.1902559336211354,0.1995993159836215,0.19492762480237846,0
2026-10-07T14:38:21.399855,10.879386901855469,0.19064364603588194,0.19904121148840714,0.19484242876214453,0
2026-10-07T14:38:21.419424,10.898956537246704,0.19064364603588194,0.19904121148840714,0.19484242876214453,0
2026-10-07T14:38:21.449421,10.928954124450684,0.19101057339680072,0.20088865233470504,0.19594961286575288,0
2026-10-07T14:38:21.492867,10.972399234771729,0.1882210985426278,0.19957262536323186,0.19389686195292982,0
2026-10-07T14:38:21.509619,10.989150524139404,0.18810059574496235,0.19989683280758952,0.19399871427627594,0
2026-10-07T14:38:21.545563,11.025095701217651,0.18847839857909346,0.19993629313246652,0.19420734585577998,0
2026-10-07T14:38:21.574077,11.053609132766724,0.18933627103943693,0.20045300292584564,0.19489463698264128,0
2026-10-07T14:38:21.610746,11.090277671813965,0.18910189196211838,0.20041367803436305,0.1947577849982407,0
2026-10-07T14:38:21.641141,11.120672941207886,0.18975842397741322,0.20078655958365813,0.19527249178053568,0
2026-10-07T14:38:21.672002,11.151538610458374,0.18885486180580938,0.19967266518549412,0.19426376349565175,0
2026-10-07T14:38:21.704623,11.18416976928711,0.18909515883186398,0.20119287281184958,0.19514401582185678,0
2026-10-07T14:38:21.737935,11.217467546463013,0.18809966760301738,0.20120879833790523,0.1946542329704613,0
2026-10-07T14:38:21.770765,11.250298261642456,0.18762983464722938,0.20097763031891747,0.19430373248307342,0
2026-10-07T14:38:21.819621,11.29915452003479,0.18937540930934385,0.20098436000179928,0.19517988465557157,0
2026-10-07T14:38:21.858844,11.338382720947266,0.18861126978279866,0.20124743505939335,0.194929352421096,0
2026-10-07T14:38:21.886327,11.365868330001831,0.18836401871550634,0.2001747420120769,0.19426938036379163,0
2026-10-07T14:38:21.916993,11.396526575088501,0.1895364736141658,0.20094743404404464,0.19524195382910522,0
2026-10-07T14:38:21.945364,11.42489743232727,0.18983501937450492,0.20129796067651395,0.19556649002550944,0
2026-10-07T14:38:21.980319,11.459851741790771,0.19050524094095028,0.20070629584707717,0.19560576839401372,0
2026-10-07T14:38:22.007995,11.487529039382935,0.19018977732196246,0.20122480519404715,0.1957072912580048,0
2026-10-07T14:38:22.042023,11.52155613899231,0.1896886215085128,0.2005785295287766,0.1951335755186447,0
2026-10-07T14:38:22.074053,11.553588151931763,0.1901516249918914,0.2003021315006143,0.19522687824625284,0
2026-10-07T14:38:22.104891,11.584425210952759,0.19036442435179685,0.2000830068248762,0.1952237155883365,0
2026-10-07T14:38:22.154970,11.634505271911621,0.18994996169374773,0.20028357014132694,0.19511676591753735,0
2026-10-07T14:38:22.189454,11.668987512588501,0.18986966495049346,0.20088954411093343,0.19537960453071346,0
2026-10-07T14:38:22.218644,11.698179006576538,0.1895398365561366,0.20112102692162112,0.19533043173887887,0
2026-10-07T14:38:22.251751,11.731285810470581,0.19063481079372968,0.20188343159799765,0.19625912119586367,0
2026-10-07T14:38:22.280651,11.760184288024902,0.19077832354859497,0.2012010271093249,0.19598967532895994,0
2026-10-07T14:38:22.312062,11.791595458984375,0.18998696725525235,0.20119886697788233,0.19559291711656734,0
2026-10-07T14:38:22.347470,11.827003002166748,0.19124998524779743,0.20069527454124358,0.19597262989452052,0
2026-10-07T14:38:22.376805,11.856337308883667,0.19008420266365167,0.2004805559505101,0.19528237930708087,0
2026-10-07T14:38:22.410837,11.890369415283203,0.18955060808175966,0.20082444198556007,0.19518752503365988,0
2026-10-07T14:38:22.444091,11.92362356185913,0.1894769041026028,0.20080145008228156,0.19513917709244216,0
2026-10-07T14:38:22.474405,11.953941822052002,0.18926200519813627,0.20079911388951308,0.19503055954382467,0
2026-10-07T14:38:22.520465,11.999999046325684,0.18876641598305405,0.20035121021006438,0.1945588130965592,0
2026-10-07T14:38:22.555433,12.034970045089722,0.18936613192918034,0.2005855015665065,0.19497581674784342,0
2026-10-07T14:38:22.583965,12.06349778175354,0.18925991505246598,0.20115848869994285,0.1952092018762044,0
2026-10-07T14:38:22.618079,12.097611904144287,0.18935417759189602,0.2009231197850299,0.19513864868846298,0
2026-10-07T14:38:22.649046,12.128580808639526,0.18970566404922373,0.20164291015435493,0.19567428710178933,0
2026-10-07T14:38:22.680322,12.159860372543335,0.1895643578665886,0.20149826643246097,0.1955313121495248,0
2026-10-07T14:38:22.714189,12.193723440170288,0.18964039138148944,0.20123806974774508,0.19543923056461726,0
2026-10-07T14:38:22.745123,12.2246572971344,0.1855131710571655,0.1973926013943582,0.19145288622576184,0
2026-10-07T14:38:22.777280,12.256813049316406,0.18600930805752194,0.19209095686888233,0.18905013246320213,2.384185791015625e-07
2026-10-07T14:38:22.812616,12.292149066925049,0.18593543124672018,0.19381758524938092,0.18987650824805055,0.03533649444580078
2026-10-07T14:38:22.840277,12.319809198379517,0.1863690710313926,0.1926513463730192,0.18951020870220592,0.06299734115600586
2026-10-07T14:38:22.886082,12.36561369895935,0.18477965522967021,0.18943219891274682,0.18710592707120852,0.10880279541015625
2026-10-07T14:38:22.919027,12.398559093475342,0.18276454536642134,0.1910854567029206,0.18692500103467097,0.14174818992614746
2026-10-07T14:38:22.951638,12.431171655654907,0.18423414548151104,0.19464685484004346,0.18944050016077724,0.17435789108276367
2026-10-07T14:38:22.983953,12.463485717773438,0.1879664692878471,0.1978139779634508,0.19289022362564895,0
2026-10-07T14:38:23.019968,12.499507665634155,0.18804906330742147,0.19825616362473167,0.19315261346607657,0
2026-10-07T14:38:23.051268,12.53080129623413,0.18848321569388235,0.19833221005351082,0.19340771287369657,0
2026-10-07T14:38:23.096730,12.576264142990112,0.18804626199255461,0.1986490420129926,0.1933476520027736,0
2026-10-07T14:38:23.115242,12.594799995422363,0.188758674902973,0.19928875918305197,0.19402371704301247,0
2026-10-07T14:38:23.146400,12.625933170318604,0.18929449615921018,0.1995506638613766,0.1944225800102934,0
2026-10-07T14:38:23.176053,12.655589818954468,0.1883753903254205,0.19894921227918072,0.1936623013023006,0
2026-10-07T14:38:23.221900,12.70143175125122,0.18813506565122418,0.19868686653602774,0.19341096609362596,0
2026-10-07T14:38:23.256751,12.736282587051392,0.18864638240215947,0.19919944345955626,0.19392291293085787,0
2026-10-07T14:38:23.289089,12.768621444702148,0.1885794085732705,0.19869166198924404,0.19363553528125726,0
2026-10-07T14:38:23.318812,12.798358917236328,0.1883798839223326,0.19927966005548686,0.19382977198890972,0
2026-10-07T14:38:23.359186,12.838723182678223,0.18848244497420225,0.1992433181726453,0.19386288157342377,0
2026-10-07T14:38:23.384142,12.863675117492676,0.18927368939386896,0.19966280356332528,0.19446824647859712,0
2026-10-07T14:38:23.533106,13.01263976097107,0.18971600874860617,0.19967250600502454,0.19469425737681534,0
2026-10-07T14:38:23.548440,13.027974367141724,0.19012786595693995,0.1998665109104867,0.19499718843371333,0
2026-10-07T14:38:23.592351,13.071885347366333,0.1888773544060076,0.19882852292646772,0.19385293866623765,0
2026-10-07T14:38:23.624940,13.10447382926941,0.1905737239859682,0.19963658711586152,0.19510515555091484,0
2026-10-07T14:38:23.655498,13.135035037994385,0.18950993858259657,0.19990705366954215,0.19470849612606936,0
2026-10-07T14:38:23.689169,13.168701648712158,0.19030962643062352,0.20053368600193242,0.19542165621627797,0
2026-10-07T14:38:23.720005,13.199540853500366,0.19058584050603664,0.20053010362597215,0.1955579720660044,0
2026-10-07T14:38:23.751833,13.231366157531738,0.18986041400379375,0.20027708697408114,0.19506875048893746,0
2026-10-07T14:38:23.783967,13.263499975204468,0.1895641986876034,0.20056112509290433,0.19506266189025387,0
2026-10-07T14:38:23.823815,13.303348302841187,0.18978830437973845,0.200276645044867,0.19503247471230273,0
2026-10-07T14:38:23.850761,13.330293416976929,0.18955754695584334,0.19901015091892904,0.1942838489373862,0
2026-10-07T14:38:23.881142,13.360674858093262,0.19035844487337777,0.20059115157787366,0.19547479822562572,0
2026-10-07T14:38:23.922744,13.402276039123535,0.18886107325519638,0.19978214364411073,0.19432160844965357,0
2026-10-07T14:38:23.959933,13.439466953277588,0.1902557837066657,0.20060175166264188,0.19542876768465378,0
2026-10-07T14:38:23.991976,13.471513271331787,0.19085024494414315,0.20110033962138055,0.19597529228276184,0
2026-10-07T14:38:24.026520,13.506056785583496,0.18935296958861092,0.19911901093588252,0.19423599026224672,0
2026-10-07T14:38:24.068696,13.548228979110718,0.18913941713791393,0.20023091961528205,0.194685168376598,0
2026-10-07T14:38:24.088918,13.568452596664429,0.18892972868335664,0.20028921748087666,0.19460947308211665,0
2026-10-07T14:38:24.124046,13.603578805923462,0.18984622484927274,0.20042407590790756,0.19513515037859014,0
2026-10-07T14:38:24.150900,13.630431652069092,0.18909967508208575,0.1997052918093098,0.19440248344569777,0
2026-10-07T14:38:24.182445,13.66198182106018,0.18831282182217995,0.19916254446606937,0.19373768314412465,0
2026-10-07T14:38:24.214309,13.693841218948364,0.19001261554739032,0.20029960701194893,0.19515611127966964,0
2026-10-07T14:38:24.246794,13.726328611373901,0.1905882542747906,0.20085989198048979,0.19572407312764017,0
2026-10-07T14:38:24.294960,13.774525880813599,0.1895392883550032,0.20146992548558784,0.19550460692029553,0
2026-10-07T14:38:24.328722,13.808254957199097,0.18947114344067037,0.20110788832609816,0.19528951588338428,0
2026-10-07T14:38:24.367673,13.847208976745605,0.19036059640665534,0.2018250506740514,0.19609282354035337,0
2026-10-07T14:38:24.407497,13.887029886245728,0.19036540672516247,0.20159276298620463,0.19597908485568355,0
2026-10-07T14:38:24.425996,13.905532836914062,0.190184240586496,0.20185869089362102,0.19602146574005852,0
2026-10-07T14:38:24.454469,13.934001445770264,0.18933808505464667,0.20229785165974934,0.195817968357198,0
2026-10-07T14:38:24.490217,13.96975040435791,0.19087025161626348,0.2017197464604995,0.1962949990383815,0
2026-10-07T14:38:24.521835,14.001368522644043,0.1891237808405906,0.2009819670526751,0.19505287394663284,0
2026-10-07T14:38:24.555956,14.035490036010742,0.18894238608586128,0.2010603294727862,0.19500135777932376,0
2026-10-07T14:38:24.585361,14.064895153045654,0.18770700213709157,0.20103476695560177,0.19437088454634666,0
2026-10-07T14:38:24.618256,14.097790241241455,0.18782937223158733,0.2015416434729708,0.19468550785227906,0
2026-10-07T14:38:24.664084,14.143616676330566,0.18803959861106131,0.20205268423127662,0.19504614142116897,0
2026-10-07T14:38:24.698890,14.178422451019287,0.18708355351340275,0.20209270517916644,0.1945881293462846,0
2026-10-07T14:38:24.728526,14.20806097984314,0.1884983212979517,0.20236093005412534,0.1954296256760385,0
2026-10-07T14:38:24.761472,14.241005182266235,0.18737925264680227,0.2022319379059508,0.19480559527637653,0
2026-10-07T14:38:24.792673,14.272212028503418,0.18678513702013932,0.20180229044350453,0.19429371373182192,0
2026-10-07T14:38:24.831663,14.311200380325317,0.18768972672578824,0.20223690448823212,0.1949633156070102,0
2026-10-07T14:38:24.855702,14.335233926773071,0.1883860910792974,0.20279522961667668,0.19559066034798706,0
2026-10-07T14:38:24.902050,14.381582260131836,0.18658320924939578,0.20244923938964052,0.19451622431951815,0
2026-10-07T14:38:24.942092,14.421625852584839,0.18665626939217503,0.201741632013491,0.194198950702833,0
2026-10-07T14:38:24.955775,14.435311079025269,0.18673763161435492,0.20267854953620207,0.1947080905752785,0
2026-10-07T14:38:24.983280,14.462812185287476,0.18579514097693822,0.2034618277603791,0.19462848436865865,0
2026-10-07T14:38:25.030931,14.51046347618103,0.18521801367667146,0.20300669336770624,0.19411235352218886,0
2026-10-07T14:38:25.065567,14.545104503631592,0.1859940216405403,0.20357565185462065,0.19478483674758046,0
2026-10-07T14:38:25.097708,14.577245235443115,0.18578939784434315,0.20350368752289588,0.19464654268361953,0
2026-10-07T14:38:25.127958,14.607492685317993,0.18439330796516587,0.2041710349879318,0.19428217147654883,0
2026-10-07T14:38:25.161882,14.641417503356934,0.1845866169165183,0.2040547301098834,0.19432067351320084,0
2026-10-07T14:38:25.195005,14.674537658691406,0.18470271074742908,0.2037201282965269,0.19421141952197798,0
2026-10-07T14:38:25.222537,14.702073574066162,0.18520400112247584,0.20446731898422385,0.19483566005334985,0
2026-10-07T14:38:25.256282,14.73581576347351,0.18455807671638683,0.20425311884369704,0.19440559778004193,0
2026-10-07T14:38:25.288512,14.768157482147217,0.18512512708486356,0.2039346181701842,0.1945298726275239,0
2026-10-07T14:38:25.319798,14.79932975769043,0.1854063399746713,0.2046840699886432,0.19504520498165723,0
2026-10-07T14:38:25.333610,14.813142538070679,0.1854063399746713,0.2046840699886432,0.19504520498165723,0
2026-10-07T14:38:25.400571,14.880103588104248,0.18561482685588104,0.2042206579299819,0.19491774239293147,0
2026-10-07T14:38:25.431116,14.910649061203003,0.18556897097451835,0.20388829321911728,0.19472863209681782,0
2026-10-07T14:38:25.462850,14.9423828125,0.18684090143306767,0.20333206814983776,0.1950864847914527,0
2026-10-07T14:38:25.496967,14.976500272750854,0.18678422549290488,0.2038664648893028,0.19532534519110384,0
2026-10-07T14:38:25.527750,15.007287979125977,0.18730170142034586,0.2035198773338607,0.19541078937710327,0
2026-10-07T14:38:25.559833,15.039365291595459,0.18733563430024677,0.2030006948207431,0.19516816456049493,0
2026-10-07T14:38:25.589473,15.069009780883789,0.18724385659356274,0.20352574548890712,0.19538480104123493,0
2026-10-07T14:38:25.627299,15.106834173202515,0.18807394596680346,0.20375960199305845,0.19591677397993096,0
2026-10-07T14:38:25.657984,15.137521982192993,0.1883037794750176,0.20358731225494595,0.19594554586498178,0
2026-10-07T14:38:25.692469,15.172006845474243,0.1883037794750176,0.20358731225494595,0.19594554586498178,0
2026-10-07T14:38:25.711223,15.190758228302002,0.18806761445438244,0.20353607171994695,0.1958018430871647,0
2026-10-07T14:38:25.736285,15.215819597244263,0.18793668509192193,0.20293184620666305,0.1954342656492925,0
2026-10-07T14:38:25.798091,15.277624368667603,0.185033299174409,0.19857793594392725,0.19180561755916814,0
2026-10-07T14:38:25.832248,15.31178092956543,0.18601023028984434,0.19859726280762138,0.19230374654873286,0
2026-10-07T14:38:25.862696,15.342232704162598,0.18459201810734974,0.19516925401921703,0.18988063606328337,2.384185791015625e-07
2026-10-07T14:38:25.899089,15.378620862960815,0.18198906801889725,0.1953608622754927,0.18867496514719498,0.036392927169799805
2026-10-07T14:38:25.929590,15.409125566482544,0.18453575070472625,0.19933913169530915,0.1919374412000177,0
2026-10-07T14:38:25.958484,15.43801760673523,0.1855823849654013,0.20061012011586205,0.19309625254063167,0
2026-10-07T14:38:25.993397,15.472930669784546,0.18608618942828956,0.20085019434021414,0.19346819188425185,0
2026-10-07T14:38:26.025090,15.504623651504517,0.18704034183984378,0.20168537846270948,0.19436286015127663,0
2026-10-07T14:38:26.046725,15.526260137557983,0.18704034183984378,0.20168537846270948,0.19436286015127663,0
2026-10-07T14:38:26.063212,15.542744398117065,0.18741646701614892,0.2016861789006533,0.1945513229584011,0
2026-10-07T14:38:26.104137,15.583669900894165,0.1873001394083084,0.2019060396735274,0.1946030895409179,0
2026-10-07T14:38:26.134846,15.614378213882446,0.1883113756523997,0.20272259386923508,0.19551698476081739,0
2026-10-07T14:38:26.198438,15.677970886230469,0.1854014792209599,0.20193767577454136,0.19366957749775063,0
2026-10-07T14:38:26.230294,15.709829807281494,0.1859111311388557,0.20234626734613745,0.1941286992424966,0
2026-10-07T14:38:26.265319,15.744850873947144,0.18624043453233083,0.2031787530570878,0.1947095937947093,0
2026-10-07T14:38:26.303482,15.783015489578247,0.1860806003138553,0.20200290181909233,0.1940417510664738,0
2026-10-07T14:38:26.326590,15.806122303009033,0.1862447715668805,0.2027477234647907,0.1944962475158356,0
2026-10-07T14:38:26.360463,15.839995622634888,0.18623794353002107,0.20272380890412836,0.19448087621707472,0
2026-10-07T14:38:26.400449,15.879981279373169,0.18603388605431004,0.2020695479855892,0.1940517170199496,0
2026-10-07T14:38:26.419283,15.898817777633667,0.18603388605431004,0.2020695479855892,0.1940517170199496,0
2026-10-07T14:38:26.442158,15.921690225601196,0.1886113596418373,0.20328250170319193,0.19594693067251462,0
2026-10-07T14:38:26.472218,15.9517502784729,0.188363408539148,0.20272006306676746,0.19554173580295772,0
2026-10-07T14:38:26.504368,15.983900785446167,0.1873371398534,0.20252466142899525,0.1949309006411976,0
2026-10-07T14:38:26.536571,16.016104221343994,0.18795558913907762,0.20244979696537688,0.19520269305222726,0
2026-10-07T14:38:26.598103,16.077634811401367,0.18845569471972037,0.20320154023350812,0.19582861747661423,0
2026-10-07T14:38:26.631040,16.11057734489441,0.18902122906272997,0.20316782676838338,0.19609452791555668,0
2026-10-07T14:38:26.663617,16.14315176010132,0.187910089266246,0.20289366474451362,0.1954018770053798,0
2026-10-07T14:38:26.696544,16.176077127456665,0.18715635416402585,0.2016054993569655,0.19438092676049568,0
2026-10-07T14:38:26.733418,16.212950944900513,0.1879916030880684,0.20208489465955248,0.19503824887381044,0
2026-10-07T14:38:26.752318,16.231866598129272,0.1879916030880684,0.20208489465955248,0.19503824887381044,0
2026-10-07T14:38:26.772963,16.252495288848877,0.18797855918483367,0.20187535029567913,0.1949269547402564,0
2026-10-07T14:38:26.811561,16.291094064712524,0.1879571983589291,0.20208768037299293,0.19502243936596103,0
2026-10-07T14:38:26.846716,16.32624912261963,0.1877242705695372,0.2011660378522785,0.19444515421090786,0
2026-10-07T14:38:26.872479,16.352011919021606,0.18854670493319958,0.20195031297141386,0.19524850895230672,0
2026-10-07T14:38:26.904907,16.384440183639526,0.18756012824391408,0.20167729338551085,0.19461871081471246,0
2026-10-07T14:38:26.936896,16.41643190383911,0.1880440216580484,0.2008870837674104,0.19446555271272942,0
2026-10-07T14:38:27.000074,16.47960638999939,0.18767684697962292,0.19837898957398178,0.19302791827680235,0
